iter	RMSE
0	130.6682974
1	130.6493282
